ringmember_age_blocks,freq
2,559
3,6635
4,5674
5,4844
6,4141
7,3715
8,3141
9,2729
10,6600
11,60101
12,45842
13,33189
14,26102
15,21743
16,18596
17,16397
18,14923
19,13500
20,12112
21,11688
22,11617
23,10869
24,10390
25,9879
26,9434
27,8821
28,8287
29,8156
30,7679
31,7378
32,7192
33,6721
34,6671
35,6704
36,6536
37,6021
38,6019
39,5871
40,5823
41,5741
42,5613
43,5324
44,5455
45,5415
46,5367
47,5311
48,5286
49,5489
50,5307
51,5234
52,5196
53,5215
54,4989
55,5213
56,5144
57,5087
58,5010
59,5045
60,5172
61,9777
62,8870
63,8154
64,7485
65,6809
66,6353
67,6042
68,5550
69,5593
70,5240
71,5364
72,5227
73,5052
74,4764
75,4804
76,4446
77,4499
78,4264
79,4221
80,4196
81,4103
82,4019
83,3757
84,4027
85,3973
86,3800
87,3866
88,3738
89,3701
90,3624
91,3594
92,3775
93,3618
94,3550
95,3649
96,3565
97,3439
98,3561
99,3585
100,3627
101,3542
102,3511
103,3572
104,3534
105,3463
106,3419
107,3371
108,3437
109,3390
110,3369
111,3309
112,3504
113,3403
114,3387
115,3397
116,3234
117,3306
118,3318
119,3261
120,3316
121,3461
122,3406
123,3197
124,3349
125,3188
126,3243
127,3171
128,3125
129,3137
130,3116
131,3174
132,3136
133,2920
134,2927
135,2949
136,3011
137,2924
138,2791
139,2876
140,2741
141,2794
142,2836
143,2770
144,2697
145,2776
146,2788
147,2820
148,2629
149,2664
150,2607
151,2632
152,2679
153,2611
154,2677
155,2590
156,2596
157,2538
158,2653
159,2619
160,2594
161,2639
162,2487
163,2565
164,2398
165,2422
166,2424
167,2502
168,2407
169,2473
170,2450
171,2319
172,2311
173,2288
174,2230
175,2410
176,2367
177,2371
178,2274
179,2367
180,2293
181,2356
182,2403
183,2294
184,2350
185,2323
186,2210
187,2268
188,2300
189,2305
190,2231
191,2301
192,2182
193,2187
194,2188
195,2233
196,2232
197,2197
198,2169
199,2217
200,2168
201,2193
202,2206
203,2142
204,2181
205,2075
206,2143
207,2137
208,2104
209,2076
210,2127
211,2132
212,2039
213,2113
214,2148
215,2132
216,2062
217,2215
218,2192
219,2036
220,2104
221,2038
222,2020
223,2019
224,2008
225,1959
226,2029
227,2088
228,1997
229,2018
230,2028
231,2054
232,2025
233,1971
234,2016
235,1958
236,1962
237,2061
238,1969
239,1939
240,1991
241,2031
242,1954
243,2046
244,2072
245,2003
246,1925
247,1869
248,2075
249,2108
250,2064
251,2046
252,1999
253,2120
254,1946
255,2118
256,1922
257,1880
258,1957
259,1907
260,1947
261,1821
262,1877
263,1871
264,1862
265,1843
266,1867
267,1781
268,1855
269,1814
270,1919
271,1869
272,1810
273,1855
274,1767
275,1752
276,1768
277,1864
278,1713
279,1887
280,1840
281,1741
282,1750
283,1704
284,1742
285,1696
286,1735
287,1799
288,1795
289,1697
290,1720
291,1724
292,1804
293,1699
294,1640
295,1664
296,1814
297,1752
298,1681
299,1663
300,1649
301,1630
302,1722
303,1710
304,1674
305,1674
306,1748
307,1728
308,1734
309,1860
310,1735
311,1762
312,1731
313,1720
314,1734
315,1670
316,1589
317,1672
318,1636
319,1714
320,1664
321,1621
322,1604
323,1729
324,1691
325,1681
326,1664
327,1569
328,1660
329,1652
330,1546
331,1595
332,1581
333,1645
334,1649
335,1645
336,1692
337,1639
338,1749
339,1644
340,1678
341,1658
342,1729
343,1674
344,1644
345,1662
346,1677
347,1669
348,1623
349,1657
350,1607
351,1553
352,1674
353,1645
354,1535
355,1531
356,1554
357,1609
358,1624
359,1586
360,1601
361,1545
362,1599
363,1603
364,1606
365,1584
366,1533
367,1590
368,1480
369,1583
370,1617
371,1573
372,1610
373,1550
374,1600
375,1589
376,1589
377,1511
378,1522
379,1554
380,1591
381,1556
382,1534
383,1497
384,1484
385,1619
386,1533
387,1520
388,1457
389,1481
390,1477
391,1567
392,1594
393,1527
394,1531
395,1518
396,1482
397,1501
398,1479
399,1477
400,1543
401,1493
402,1488
403,1453
404,1485
405,1508
406,1531
407,1510
408,1429
409,1535
410,1534
411,1485
412,1337
413,1466
414,1420
415,1480
416,1468
417,1491
418,1512
419,1500
420,1463
421,1487
422,1489
423,1596
424,1464
425,1511
426,1428
427,1498
428,1358
429,1400
430,1482
431,1471
432,1364
433,1390
434,1425
435,1393
436,1367
437,1296
438,1407
439,1390
440,1370
441,1446
442,1380
443,1465
444,1383
445,1388
446,1421
447,1416
448,1402
449,1382
450,1345
451,1410
452,1425
453,1380
454,1462
455,1367
456,1317
457,1414
458,1371
459,1391
460,1311
461,1354
462,1383
463,1364
464,1407
465,1430
466,1332
467,1361
468,1333
469,1390
470,1361
471,1389
472,1388
473,1291
474,1349
475,1451
476,1327
477,1283
478,1361
479,1350
480,1401
481,1348
482,1323
483,1424
484,1416
485,1378
486,1380
487,1341
488,1385
489,1269
490,1350
491,1338
492,1299
493,1390
494,1375
495,1340
496,1371
497,1293
498,1360
499,1289
500,1269
501,1351
502,1261
503,1383
504,1393
505,1321
506,1332
507,1320
508,1410
509,1307
510,1318
511,1308
512,1331
513,1376
514,1244
515,1484
516,1351
517,1390
518,1352
519,1383
520,1307
521,1359
522,1253
523,1278
524,1356
525,1313
526,1305
527,1355
528,1294
529,1317
530,1314
531,1326
532,1298
533,1395
534,1398
535,1382
536,1386
537,1320
538,1354
539,1356
540,1517
541,1307
542,1377
543,1344
544,1413
545,1324
546,1351
547,1359
548,1246
549,1262
550,1303
551,1345
552,1362
553,1334
554,1332
555,1296
556,1327
557,1283
558,1302
559,1394
560,1343
561,1351
562,1280
563,1297
564,1269
565,1399
566,1313
567,1298
568,1324
569,1358
570,1294
571,1359
572,1339
573,1362
574,1348
575,1355
576,1255
577,1273
578,1272
579,1331
580,1265
581,1245
582,1249
583,1274
584,1319
585,1352
586,1277
587,1252
588,1237
589,1305
590,1270
591,1288
592,1287
593,1257
594,1239
595,1267
596,1201
597,1164
598,1194
599,1206
600,1230
601,1223
602,1254
603,1203
604,1308
605,1215
606,1296
607,1182
608,1349
609,1222
610,1253
611,1255
612,1182
613,1253
614,1297
615,1295
616,1246
617,1286
618,1291
619,1210
620,1269
621,1202
622,1243
623,1218
624,1194
625,1204
626,1158
627,1216
628,1246
629,1196
630,1277
631,1315
632,1265
633,1194
634,1276
635,1235
636,1368
637,1257
638,1233
639,1268
640,1269
641,1267
642,1151
643,1657
644,1318
645,1204
646,1182
647,1232
648,1250
649,1250
650,1247
651,1221
652,1315
653,1202
654,1242
655,1202
656,1200
657,1293
658,1241
659,1326
660,1305
661,1248
662,1271
663,1329
664,1178
665,1220
666,1219
667,1196
668,1265
669,1190
670,1249
671,1218
672,1213
673,1220
674,1234
675,1162
676,1207
677,1158
678,1258
679,1245
680,1257
681,1255
682,1228
683,1247
684,1200
685,1249
686,1260
687,1294
688,1296
689,1236
690,1195
691,1266
692,1248
693,1244
694,1340
695,1228
696,1280
697,1269
698,1270
699,1316
700,1232
701,1272
702,1325
703,1232
704,1265
705,1337
706,1297
707,1228
708,1225
709,1268
710,1246
711,1225
712,1193
713,1243
714,1335
715,1264
716,1263
717,1263
718,1257
719,1307
720,1261
721,1244
722,1227
723,1214
724,1334
725,1157
726,1239
727,1298
728,1228
729,1332
730,1203
731,1181
732,1273
733,1199
734,1223
735,1206
736,1183
737,1214
738,1211
739,1220
740,1335
741,1219
742,1145
743,1203
744,1136
745,1196
746,1228
747,1197
748,1269
749,1206
750,1329
751,1193
752,1206
753,1251
754,1250
755,1183
756,1185
757,1199
758,1153
759,1202
760,1238
761,1235
762,1078
763,1116
764,1141
765,1183
766,1204
767,1118
768,1172
769,1139
770,1182
771,1093
772,1128
773,1028
774,1147
775,1152
776,1135
777,1132
778,1108
779,1096
780,1065
781,1187
782,1198
783,1131
784,1100
785,1139
786,1058
787,1121
788,1108
789,1095
790,1144
791,1091
792,1107
793,1184
794,1142
795,1101
796,1042
797,1099
798,1122
799,1071
800,1087
801,1099
802,1080
803,1105
804,1123
805,1061
806,1139
807,1008
808,1083
809,1073
810,1082
811,1090
812,1069
813,1111
814,1073
815,1068
816,1125
817,1074
818,1077
819,1128
820,1076
821,1080
822,1112
823,1122
824,1117
825,1056
826,1050
827,1033
828,994
829,1080
830,1073
831,1065
832,1018
833,1013
834,1033
835,1014
836,1007
837,988
838,981
839,975
840,1041
841,1015
842,987
843,1064
844,1017
845,1054
846,1070
847,1038
848,968
849,998
850,1027
851,1056
852,1013
853,954
854,1064
855,1003
856,1011
857,1012
858,1057
859,1004
860,989
861,1033
862,985
863,977
864,1013
865,977
866,971
867,999
868,1054
869,973
870,1002
871,1020
872,945
873,1021
874,970
875,979
876,969
877,1020
878,945
879,944
880,983
881,961
882,1010
883,896
884,985
885,996
886,1002
887,945
888,902
889,990
890,993
891,955
892,937
893,937
894,1007
895,1050
896,960
897,980
898,982
899,962
900,976
901,970
902,912
903,940
904,931
905,902
906,880
907,896
908,870
909,916
910,976
911,910
912,940
913,961
914,942
915,931
916,933
917,892
918,977
919,989
920,927
921,938
922,900
923,914
924,894
925,997
926,1004
927,900
928,953
929,930
930,965
931,907
932,886
933,839
934,911
935,932
936,910
937,887
938,910
939,882
940,890
941,943
942,946
943,868
944,854
945,914
946,929
947,946
948,915
949,900
950,881
951,900
952,867
953,909
954,948
955,910
956,941
957,947
958,939
959,869
960,911
961,913
962,853
963,959
964,885
965,863
966,878
967,869
968,883
969,885
970,871
971,843
972,879
973,902
974,842
975,926
976,878
977,1008
978,864
979,856
980,886
981,897
982,916
983,884
984,841
985,854
986,904
987,845
988,834
989,866
990,794
991,830
992,828
993,796
994,787
995,861
996,811
997,787
998,855
999,814
1000,788
1001,836
1002,785
1003,855
1004,819
1005,916
1006,783
1007,810
1008,876
1009,794
1010,792
1011,838
1012,826
1013,836
1014,773
1015,767
1016,815
1017,801
1018,823
1019,787
1020,786
1021,843
1022,778
1023,826
1024,847
1025,786
1026,809
1027,795
1028,837
1029,789
1030,834
1031,821
1032,826
1033,818
1034,824
1035,847
1036,839
1037,835
1038,835
1039,816
1040,818
1041,848
1042,820
1043,823
1044,803
1045,787
1046,905
1047,817
1048,851
1049,795
1050,751
1051,783
1052,787
1053,830
1054,844
1055,834
1056,845
1057,798
1058,772
1059,855
1060,824
1061,806
1062,807
1063,817
1064,803
1065,769
1066,843
1067,861
1068,764
1069,816
1070,774
1071,792
1072,788
1073,813
1074,811
1075,798
1076,770
1077,821
1078,760
1079,774
1080,788
1081,834
1082,783
1083,790
1084,760
1085,798
1086,775
1087,776
1088,750
1089,734
1090,786
1091,772
1092,770
1093,799
1094,810
1095,742
1096,707
1097,750
1098,765
1099,789
1100,729
1101,736
1102,725
1103,780
1104,798
1105,759
1106,811
1107,756
1108,757
1109,769
1110,765
1111,790
1112,764
1113,823
1114,783
1115,832
1116,822
1117,761
1118,746
1119,808
1120,792
1121,774
1122,725
1123,759
1124,845
1125,738
1126,790
1127,774
1128,726
1129,811
1130,705
1131,744
1132,724
1133,763
1134,694
1135,723
1136,745
1137,724
1138,726
1139,752
1140,681
1141,768
1142,765
1143,759
1144,725
1145,767
1146,762
1147,743
1148,745
1149,727
1150,693
1151,712
1152,745
1153,713
1154,782
1155,733
1156,779
1157,781
1158,755
1159,744
1160,746
1161,756
1162,732
1163,721
1164,725
1165,713
1166,689
1167,713
1168,719
1169,766
1170,762
1171,787
1172,755
1173,722
1174,679
1175,760
1176,724
1177,678
1178,716
1179,772
1180,680
1181,676
1182,676
1183,723
1184,737
1185,701
1186,666
1187,718
1188,694
1189,705
1190,683
1191,723
1192,682
1193,736
1194,742
1195,727
1196,749
1197,702
1198,702
1199,672
1200,710
1201,768
1202,748
1203,724
1204,688
1205,730
1206,671
1207,733
1208,714
1209,733
1210,725
1211,713
1212,720
1213,701
1214,688
1215,736
1216,738
1217,680
1218,746
1219,715
1220,712
1221,724
1222,744
1223,695
1224,682
1225,695
1226,783
1227,705
1228,739
1229,657
1230,686
1231,700
1232,724
1233,723
1234,704
1235,722
1236,720
1237,716
1238,715
1239,715
1240,666
1241,693
1242,691
1243,636
1244,667
1245,696
1246,717
1247,660
1248,678
1249,731
1250,716
1251,743
1252,690
1253,679
1254,658
1255,700
1256,740
1257,682
1258,675
1259,691
1260,705
1261,691
1262,737
1263,693
1264,767
1265,680
1266,784
1267,688
1268,706
1269,708
1270,712
1271,693
1272,689
1273,730
1274,638
1275,741
1276,722
1277,749
1278,721
1279,734
1280,680
1281,664
1282,772
1283,638
1284,752
1285,750
1286,749
1287,696
1288,726
1289,695
1290,681
1291,726
1292,706
1293,769
1294,697
1295,737
1296,724
1297,690
1298,709
1299,700
1300,682
1301,746
1302,765
1303,703
1304,659
1305,733
1306,687
1307,671
1308,700
1309,655
1310,662
1311,681
1312,693
1313,732
1314,609
1315,723
1316,756
1317,691
1318,669
1319,730
1320,627
1321,711
1322,736
1323,673
1324,689
1325,677
1326,662
1327,664
1328,679
1329,722
1330,667
1331,704
1332,675
1333,696
1334,707
1335,718
1336,660
1337,669
1338,695
1339,668
1340,665
1341,638
1342,744
1343,737
1344,686
1345,712
1346,683
1347,692
1348,686
1349,648
1350,662
1351,650
1352,637
1353,609
1354,691
1355,671
1356,643
1357,645
1358,677
1359,602
1360,680
1361,636
1362,723
1363,673
1364,688
1365,660
1366,714
1367,675
1368,695
1369,628
1370,642
1371,646
1372,658
1373,682
1374,687
1375,734
1376,739
1377,712
1378,737
1379,697
1380,658
1381,687
1382,753
1383,614
1384,700
1385,702
1386,677
1387,674
1388,653
1389,713
1390,681
1391,663
1392,645
1393,673
1394,653
1395,646
1396,680
1397,676
1398,683
1399,636
1400,659
1401,717
1402,685
1403,672
1404,736
1405,707
1406,731
1407,694
1408,685
1409,682
1410,662
1411,685
1412,661
1413,653
1414,654
1415,601
1416,682
1417,671
1418,682
1419,666
1420,654
1421,675
1422,687
1423,679
1424,603
1425,692
1426,619
1427,643
1428,649
1429,637
1430,654
1431,639
1432,646
1433,650
1434,651
1435,636
1436,626
1437,651
1438,658
1439,660
1440,651
1441,659
1442,668
1443,642
1444,635
1445,663
1446,627
1447,657
1448,612
1449,643
1450,659
1451,686
1452,695
1453,730
1454,656
1455,667
1456,670
1457,729
1458,632
1459,632
1460,675
1461,576
1462,664
1463,616
1464,671
1465,695
1466,666
1467,655
1468,716
1469,673
1470,697
1471,686
1472,704
1473,694
1474,669
1475,659
1476,656
1477,640
1478,648
1479,644
1480,696
1481,675
1482,665
1483,635
1484,660
1485,608
1486,648
1487,684
1488,643
1489,678
1490,691
1491,754
1492,662
1493,623
1494,700
1495,621
1496,632
1497,671
1498,697
1499,605
1500,631
