ringmember_age_blocks,freq
11,60101
12,45842
13,33189
14,26102
15,21743
16,18596
17,16397
18,14923
19,13500
20,12112
21,11688
22,11617
23,10869
24,10390
25,9879
61,9777
26,9434
62,8870
27,8821
28,8287
29,8156
63,8154
30,7679
64,7485
31,7378
32,7192
65,6809
33,6721
35,6704
34,6671
3,6635
10,6600
36,6536
66,6353
67,6042
37,6021
38,6019
39,5871
40,5823
41,5741
4,5674
42,5613
69,5593
68,5550
49,5489
44,5455
45,5415
46,5367
71,5364
43,5324
47,5311
50,5307
48,5286
70,5240
51,5234
72,5227
53,5215
55,5213
52,5196
60,5172
56,5144
57,5087
73,5052
59,5045
58,5010
54,4989
5,4844
75,4804
74,4764
77,4499
76,4446
78,4264
79,4221
80,4196
6,4141
81,4103
84,4027
82,4019
85,3973
87,3866
86,3800
92,3775
83,3757
88,3738
7,3715
89,3701
95,3649
100,3627
90,3624
93,3618
91,3594
99,3585
103,3572
96,3565
98,3561
94,3550
101,3542
104,3534
102,3511
112,3504
105,3463
121,3461
97,3439
108,3437
106,3419
122,3406
113,3403
115,3397
109,3390
114,3387
107,3371
110,3369
124,3349
118,3318
120,3316
111,3309
117,3306
119,3261
126,3243
116,3234
123,3197
125,3188
131,3174
127,3171
8,3141
129,3137
132,3136
128,3125
130,3116
136,3011
135,2949
134,2927
137,2924
133,2920
139,2876
142,2836
147,2820
141,2794
138,2791
146,2788
145,2776
143,2770
140,2741
9,2729
144,2697
152,2679
154,2677
149,2664
158,2653
161,2639
151,2632
148,2629
159,2619
153,2611
150,2607
156,2596
160,2594
155,2590
163,2565
157,2538
167,2502
162,2487
169,2473
170,2450
166,2424
165,2422
175,2410
168,2407
182,2403
164,2398
177,2371
176,2367
179,2367
181,2356
184,2350
185,2323
171,2319
172,2311
189,2305
191,2301
188,2300
183,2294
180,2293
173,2288
178,2274
187,2268
195,2233
196,2232
190,2231
174,2230
199,2217
217,2215
186,2210
202,2206
197,2197
201,2193
218,2192
194,2188
193,2187
192,2182
204,2181
198,2169
200,2168
214,2148
206,2143
203,2142
207,2137
211,2132
215,2132
210,2127
253,2120
255,2118
213,2113
249,2108
208,2104
220,2104
227,2088
209,2076
205,2075
248,2075
244,2072
250,2064
216,2062
237,2061
231,2054
243,2046
251,2046
212,2039
221,2038
219,2036
241,2031
226,2029
230,2028
232,2025
222,2020
223,2019
229,2018
234,2016
224,2008
245,2003
252,1999
228,1997
240,1991
233,1971
238,1969
236,1962
225,1959
235,1958
258,1957
242,1954
260,1947
254,1946
239,1939
246,1925
256,1922
270,1919
259,1907
279,1887
257,1880
262,1877
263,1871
247,1869
271,1869
266,1867
277,1864
264,1862
309,1860
268,1855
273,1855
265,1843
280,1840
261,1821
296,1814
269,1814
272,1810
292,1804
287,1799
288,1795
267,1781
276,1768
274,1767
311,1762
275,1752
297,1752
282,1750
338,1749
306,1748
284,1742
281,1741
286,1735
310,1735
308,1734
314,1734
312,1731
323,1729
342,1729
307,1728
291,1724
302,1722
313,1720
290,1720
319,1714
278,1713
303,1710
283,1704
293,1699
289,1697
285,1696
336,1692
324,1691
298,1681
325,1681
340,1678
346,1677
352,1674
343,1674
304,1674
305,1674
317,1672
315,1670
347,1669
320,1664
326,1664
295,1664
299,1663
345,1662
328,1660
341,1658
643,1657
349,1657
329,1652
300,1649
334,1649
353,1645
333,1645
335,1645
339,1644
344,1644
294,1640
337,1639
318,1636
301,1630
358,1624
348,1623
321,1621
385,1619
370,1617
372,1610
357,1609
350,1607
364,1606
322,1604
363,1603
360,1601
374,1600
362,1599
423,1596
331,1595
392,1594
380,1591
367,1590
316,1589
375,1589
376,1589
359,1586
365,1584
369,1583
332,1581
371,1573
327,1569
391,1567
381,1556
379,1554
356,1554
351,1553
373,1550
330,1546
361,1545
400,1543
409,1535
354,1535
382,1534
410,1534
366,1533
386,1533
355,1531
394,1531
406,1531
393,1527
378,1522
387,1520
395,1518
540,1517
418,1512
377,1511
425,1511
407,1510
405,1508
397,1501
419,1500
427,1498
383,1497
401,1493
417,1491
422,1489
402,1488
421,1487
411,1485
404,1485
515,1484
384,1484
430,1482
396,1482
389,1481
368,1480
415,1480
398,1479
399,1477
390,1477
431,1471
416,1468
413,1466
443,1465
424,1464
420,1463
454,1462
388,1457
403,1453
475,1451
441,1446
465,1430
408,1429
426,1428
452,1425
434,1425
483,1424
446,1421
414,1420
447,1416
484,1416
457,1414
544,1413
451,1410
508,1410
464,1407
438,1407
448,1402
480,1401
429,1400
565,1399
534,1398
533,1395
559,1394
435,1393
504,1393
459,1391
439,1390
517,1390
493,1390
469,1390
433,1390
471,1389
472,1388
445,1388
536,1386
488,1385
462,1383
503,1383
519,1383
444,1383
449,1382
535,1382
442,1380
486,1380
453,1380
485,1378
542,1377
513,1376
494,1375
496,1371
458,1371
440,1370
636,1368
436,1367
455,1367
463,1364
432,1364
573,1362
552,1362
470,1361
467,1361
478,1361
498,1360
571,1359
521,1359
547,1359
569,1358
428,1358
539,1356
524,1356
575,1355
527,1355
538,1354
461,1354
585,1352
518,1352
516,1351
561,1351
501,1351
546,1351
479,1350
490,1350
474,1349
608,1349
481,1348
574,1348
551,1345
450,1345
543,1344
560,1343
487,1341
694,1340
495,1340
572,1339
491,1338
412,1337
705,1337
740,1335
714,1335
724,1334
553,1334
468,1333
729,1332
506,1332
466,1332
554,1332
512,1331
579,1331
750,1329
663,1329
556,1327
476,1327
531,1326
659,1326
702,1325
545,1324
568,1324
482,1323
505,1321
537,1320
507,1320
584,1319
644,1318
510,1318
456,1317
529,1317
699,1316
631,1315
652,1315
530,1314
566,1313
525,1313
460,1311
604,1308
511,1308
541,1307
719,1307
520,1307
509,1307
660,1305
526,1305
589,1305
550,1303
558,1302
492,1299
727,1298
532,1298
567,1298
706,1297
614,1297
563,1297
437,1296
606,1296
555,1296
688,1296
615,1295
528,1294
687,1294
570,1294
657,1293
497,1293
473,1291
618,1291
499,1289
591,1288
592,1287
617,1286
557,1283
477,1283
562,1280
696,1280
523,1278
630,1277
586,1277
634,1276
583,1274
577,1273
732,1273
701,1272
578,1272
662,1271
590,1270
698,1270
564,1269
748,1269
697,1269
500,1269
640,1269
620,1269
489,1269
639,1268
709,1268
641,1267
595,1267
691,1266
632,1265
704,1265
668,1265
580,1265
715,1264
717,1263
716,1263
549,1262
720,1261
502,1261
686,1260
678,1258
593,1257
718,1257
680,1257
637,1257
611,1255
576,1255
681,1255
602,1254
522,1253
613,1253
610,1253
587,1252
753,1251
648,1250
754,1250
649,1250
582,1249
685,1249
670,1249
692,1248
661,1248
650,1247
683,1247
616,1246
710,1246
628,1246
548,1246
679,1245
581,1245
514,1244
721,1244
693,1244
713,1243
622,1243
654,1242
658,1241
594,1239
726,1239
760,1238
588,1237
689,1236
635,1235
761,1235
674,1234
638,1233
700,1232
647,1232
703,1232
600,1230
682,1228
746,1228
695,1228
728,1228
707,1228
722,1227
711,1225
708,1225
734,1223
601,1223
609,1222
651,1221
739,1220
673,1220
665,1220
741,1219
666,1219
671,1218
623,1218
627,1216
605,1215
737,1214
723,1214
672,1213
738,1211
619,1210
676,1207
752,1206
735,1206
749,1206
599,1206
645,1204
625,1204
766,1204
603,1203
743,1203
730,1203
655,1202
759,1202
621,1202
653,1202
596,1201
684,1200
656,1200
757,1199
733,1199
782,1198
747,1197
667,1196
629,1196
745,1196
690,1195
624,1194
633,1194
598,1194
712,1193
751,1193
669,1190
781,1187
756,1185
793,1184
755,1183
736,1183
765,1183
770,1182
612,1182
646,1182
607,1182
731,1181
664,1178
768,1172
597,1164
675,1162
677,1158
626,1158
725,1157
758,1153
775,1152
642,1151
774,1147
742,1145
790,1144
794,1142
764,1141
785,1139
806,1139
769,1139
744,1136
776,1135
777,1132
783,1131
772,1128
819,1128
816,1125
804,1123
798,1122
823,1122
787,1121
767,1118
824,1117
763,1116
822,1112
813,1111
778,1108
788,1108
792,1107
803,1105
795,1101
784,1100
797,1099
801,1099
779,1096
789,1095
771,1093
791,1091
811,1090
800,1087
808,1083
810,1082
821,1080
802,1080
829,1080
762,1078
818,1077
820,1076
817,1074
814,1073
809,1073
830,1073
799,1071
846,1070
812,1069
815,1068
831,1065
780,1065
843,1064
854,1064
805,1061
786,1058
858,1057
825,1056
851,1056
845,1054
868,1054
826,1050
895,1050
796,1042
840,1041
847,1038
834,1033
827,1033
861,1033
773,1028
850,1027
873,1021
877,1020
871,1020
832,1018
844,1017
841,1015
835,1014
852,1013
864,1013
833,1013
857,1012
856,1011
882,1010
977,1008
807,1008
894,1007
836,1007
926,1004
859,1004
855,1003
886,1002
870,1002
867,999
849,998
925,997
885,996
828,994
890,993
889,990
919,989
860,989
837,988
842,987
862,985
884,985
880,983
898,982
838,981
897,980
875,979
918,977
865,977
863,977
900,976
910,976
839,975
869,973
866,971
901,970
874,970
876,969
848,968
930,965
899,962
881,961
913,961
896,960
963,959
891,955
853,954
928,953
954,948
957,947
947,946
942,946
872,945
887,945
878,945
879,944
941,943
914,942
956,941
912,940
903,940
958,939
921,938
892,937
893,937
916,933
935,932
904,931
915,931
929,930
946,929
920,927
975,926
1005,916
982,916
909,916
948,915
945,914
923,914
961,913
902,912
960,911
934,911
938,910
936,910
955,910
911,910
953,909
931,907
1046,905
986,904
905,902
888,902
973,902
951,900
949,900
922,900
927,900
981,897
883,896
907,896
924,894
917,892
940,890
937,887
980,886
932,886
964,885
969,885
983,884
968,883
939,882
950,881
906,880
972,879
976,878
966,878
1008,876
970,871
908,870
959,869
967,869
943,868
952,867
989,866
978,864
965,863
995,861
1067,861
979,856
1059,855
1003,855
998,855
944,854
985,854
962,853
1048,851
1041,848
1035,847
1024,847
987,845
1056,845
1124,845
1054,844
1021,843
1066,843
971,843
974,842
984,841
1036,839
933,839
1011,838
1028,837
1013,836
1001,836
1037,835
1038,835
1081,834
1030,834
988,834
1055,834
1115,832
991,830
1053,830
992,828
1023,826
1032,826
1012,826
1034,824
1060,824
1018,823
1043,823
1113,823
1116,822
1077,821
1031,821
1042,820
1004,819
1040,818
1033,818
1047,817
1063,817
1069,816
1039,816
1016,815
999,814
1073,813
996,811
1106,811
1129,811
1074,811
1094,810
1007,810
1026,809
1119,808
1062,807
1061,806
1064,803
1044,803
1017,801
1093,799
1075,798
1085,798
1104,798
1057,798
993,796
1027,795
1049,795
990,794
1009,794
1010,792
1071,792
1120,792
1126,790
1083,790
1111,790
1029,789
1099,789
1080,788
1000,788
1072,788
997,787
994,787
1045,787
1171,787
1052,787
1019,787
1025,786
1020,786
1090,786
1002,785
1266,784
1082,783
1006,783
1114,783
1051,783
1226,783
1154,782
1157,781
1103,780
1156,779
1022,778
1087,776
1086,775
1079,774
1070,774
1127,774
1121,774
1014,773
1282,772
1091,772
1058,772
1179,772
1092,770
1076,770
1065,769
1109,769
1293,769
1201,768
1141,768
1264,767
1145,767
1015,767
1169,766
1302,765
1098,765
1110,765
1142,765
1112,764
1068,764
1133,763
1146,762
1170,762
1117,761
1084,760
1175,760
1078,760
1105,759
1123,759
1143,759
1108,757
1107,756
1316,756
1161,756
1172,755
1158,755
1491,754
1382,753
1139,752
1284,752
1050,751
1285,750
1088,750
1097,750
1286,749
1196,749
1277,749
1202,748
1160,746
1118,746
1218,746
1301,746
1152,745
1148,745
1136,745
1342,744
1222,744
1159,744
1131,744
1251,743
1147,743
1095,742
1194,742
1275,741
1256,740
1376,739
1228,739
1216,738
1125,738
1295,737
1184,737
1378,737
1343,737
1262,737
1322,736
1404,736
1215,736
1101,736
1193,736
1089,734
1375,734
1279,734
1207,733
1209,733
1305,733
1155,733
1313,732
1162,732
1249,731
1406,731
1319,730
1205,730
1273,730
1453,730
1100,729
1457,729
1149,727
1195,727
1138,726
1288,726
1291,726
1128,726
1122,725
1164,725
1102,725
1144,725
1210,725
1203,724
1221,724
1296,724
1137,724
1132,724
1232,724
1176,724
1315,723
1183,723
1191,723
1362,723
1233,723
1135,723
1235,722
1276,722
1173,722
1329,722
1278,721
1163,721
1212,720
1236,720
1168,719
1187,718
1335,718
1401,717
1246,717
1237,716
1468,716
1178,716
1250,716
1219,715
1238,715
1239,715
1366,714
1208,714
1211,713
1153,713
1167,713
1389,713
1165,713
1151,712
1377,712
1270,712
1220,712
1345,712
1321,711
1200,710
1298,709
1269,708
1405,707
1334,707
1096,707
1292,706
1268,706
1189,705
1260,705
1227,705
1130,705
1472,704
1331,704
1234,704
1303,703
1385,702
1198,702
1197,702
1185,701
1213,701
1494,700
1384,700
1308,700
1231,700
1255,700
1299,700
1379,697
1470,697
1498,697
1294,697
1333,696
1245,696
1480,696
1287,696
1223,695
1452,695
1338,695
1368,695
1225,695
1465,695
1289,695
1188,694
1407,694
1473,694
1134,694
1241,693
1150,693
1263,693
1312,693
1271,693
1347,692
1425,692
1317,691
1354,691
1259,691
1490,691
1242,691
1261,691
1297,690
1252,690
1272,689
1166,689
1324,689
1214,688
1364,688
1267,688
1204,688
1381,687
1306,687
1422,687
1374,687
1348,686
1451,686
1344,686
1230,686
1471,686
1411,685
1402,685
1408,685
1487,684
1398,683
1346,683
1190,683
1416,682
1257,682
1418,682
1300,682
1192,682
1409,682
1373,682
1224,682
1390,681
1311,681
1290,681
1140,681
1360,680
1180,680
1396,680
1265,680
1217,680
1280,680
1174,679
1423,679
1328,679
1253,679
1489,678
1177,678
1248,678
1358,677
1325,677
1386,677
1181,676
1397,676
1182,676
1421,675
1367,675
1258,675
1460,675
1481,675
1332,675
1387,674
1363,673
1393,673
1469,673
1323,673
1199,672
1403,672
1497,671
1355,671
1417,671
1307,671
1464,671
1206,671
1456,670
1337,669
1474,669
1318,669
1442,668
1339,668
1330,667
1455,667
1244,667
1240,666
1186,666
1419,666
1466,666
1340,665
1482,665
1281,664
1327,664
1462,664
1391,663
1445,663
1350,662
1310,662
1492,662
1326,662
1410,662
1412,661
1365,660
1484,660
1247,660
1439,660
1336,660
1304,659
1400,659
1441,659
1475,659
1450,659
1438,658
1372,658
1380,658
1254,658
1229,657
1447,657
1454,656
1476,656
1467,655
1309,655
1414,654
1420,654
1430,654
1394,653
1413,653
1388,653
1434,651
1440,651
1437,651
1351,650
1433,650
1428,649
1486,648
1478,648
1349,648
1395,646
1432,646
1371,646
1392,645
1357,645
1479,644
1427,643
1488,643
1449,643
1356,643
1370,642
1443,642
1477,640
1431,639
1283,638
1274,638
1341,638
1429,637
1352,637
1399,636
1435,636
1361,636
1243,636
1444,635
1483,635
1458,632
1459,632
1496,632
1500,631
1369,628
1446,627
1320,627
1436,626
1493,623
1495,621
1426,619
1463,616
1383,614
1448,612
1353,609
1314,609
1485,608
1499,605
1424,603
1359,602
1415,601
1461,576
2,559
